therapeutic_area,source_name,source_type,source_date,insight_type,title,summary,detail,evidence_excerpt,country,region,persona,platform,audience,journey_stage,topic,tags,confidence,importance
Uterine Fibroids,Social Listening Report: Uterine Fibroids,report,2015-06-01,persona,Symptomatic patients skew younger and seek explanation for pain and fertility impact,"Globally, the symptomatic persona skews younger, worries about pain and discomfort, and tries to understand whether the condition will affect fertility.",Early-stage patients are trying to figure out the cause of symptoms and hope the condition is simple and diagnosable.,Symptomatic: Skews younger and is worried about symptom pain and discomfort or figuring out a cause ... what impact it may have on fertility.,Global,Global,Symptomatic,,Patient,Pre-diagnosis,Patient Persona,"[""global"", ""persona"", ""symptoms"", ""fertility""]",0.93,0.87
Uterine Fibroids,Social Listening Report: Uterine Fibroids,report,2015-06-01,persona,Pregnant patients focus on baby health more than their own condition,"The pregnant persona is primarily concerned with the baby’s health, fetal growth, breech birth risk, and pregnancy success rather than her own symptoms.","Pregnancy shifts attention from fertility anxiety to uterine fibroid size, baby safety, and delivery complications.",Pregnant: Worried about fertility. Now that she is pregnant she is more concerned with the success and health of the baby specifically ... possibility of breeched birth ... and potential for failure in fetal growth.,Global,Global,Pregnant,,Patient,Pregnancy,Patient Persona,"[""global"", ""persona"", ""pregnancy"", ""baby-health""]",0.94,0.89
Uterine Fibroids,Social Listening Report: Uterine Fibroids,report,2015-06-01,country_pattern,Austria conversations are driven by fertility and pregnancy fears,"In Austria, uterine fibroid conversations cluster around fertility fears, hormone treatments, and pregnancy fears, with pregnancy concerns acting as a main catalyst.",Austrian women appear relatively educated about fibroids but most often discuss them in the context of pregnancy or difficulty conceiving.,Conversations mentioning uterine fibroids specifically are limited in Austria ... Pregnancy and fertility — no matter the demographic of the patient were the catalyst for conversations.,Austria,Europe,Fertility Fears,,Patient,Fertility/Pregnancy,Conversation Drivers,"[""austria"", ""fertility"", ""pregnancy"", ""hormone-treatment""]",0.9,0.85
Uterine Fibroids,Social Listening Report: Uterine Fibroids,report,2015-06-01,platform_preference,Austrian patients primarily use forums for detailed exchange,"Austria’s most relevant discussion venues are forum-based, especially Parents.AT, Netdoktor.AT, and BabyForum.AT.","High-quality user-generated content is concentrated in forums, while news sources and general sites skew toward low-quality self-diagnostic content.","Overall, the bulk of conversation and knowledge exchange took place on forums more than any other source ... Parents.AT, Netdoktor.AT, BabyForum.AT.",Austria,Europe,,Forums,Patient,Research/Information Seeking,Platform Preference,"[""austria"", ""forums"", ""parents.at"", ""babyforum.at"", ""netdoktor.at""]",0.91,0.82
Uterine Fibroids,Social Listening Report: Uterine Fibroids,report,2015-06-01,trust_signal,Belgian discussions mention fibroids mostly alongside other conditions,"In Belgium, fibroids are usually discussed only in passing and most often alongside endometriosis, fertility issues, or painful periods.","Educational materials mention fibroids, but first-person narratives are sparse and the condition rarely becomes the central topic.",Conversations surrounding uterine fibroids in Belgium are limited ... almost all conversations revolved around another women’s health issue.,Belgium,Europe,Endometriosis Support,,Patient,Condition Exploration,Condition Framing,"[""belgium"", ""endometriosis"", ""fertility"", ""painful-periods""]",0.88,0.78
Uterine Fibroids,Social Listening Report: Uterine Fibroids,report,2015-06-01,platform_preference,Belgian fibroid mentions cluster on mixed health and parenting sites,"Belgian discussion volume is concentrated on ZappyBabby.be, Sudinfo.be, and E-Gezondheid.be, usually in tangential threads rather than fibroid-specific ones.","These venues mix parenting, general health, and news content; awareness campaigns should meet patients where symptoms are confused with other conditions.","Belgium uterine fibroid mentions appeared most often in the following sites: ZappyBabby.be, Sudinfo.be, E-Gezondheid.be ... platforms did not have uterine fibroid specific threads.",Belgium,Europe,,Mixed forums and health sites,Patient,Research/Information Seeking,Platform Preference,"[""belgium"", ""zappybabby"", ""e-gezondheid"", ""sudinfo""]",0.87,0.76
Uterine Fibroids,Social Listening Report: Uterine Fibroids,report,2015-06-01,country_pattern,Bulgaria shows low organic conversation but strong government-led awareness opportunity,"Bulgaria has very limited first-person fibroid discussion, but a 2015 public awareness campaign highlighted that roughly 500,000 women are affected.","The online conversation is sparse and often blended with Russian-language results, suggesting low awareness but a timely recruitment and education opportunity.","A national campaign ... indicated 500,000 women are affected by the condition ... awareness was not adequate.",Bulgaria,Europe,Free clinic patient,,Patient,Awareness,Awareness Campaign,"[""bulgaria"", ""awareness"", ""government-campaign"", ""low-volume""]",0.9,0.86
Uterine Fibroids,Social Listening Report: Uterine Fibroids,report,2015-06-01,barrier,"Czech patients are overwhelmed by treatment consequences, especially embolization","In the Czech Republic, patients typically arrive late in the journey and are more concerned about treatment consequences than about the fibroids themselves.",Miscarriage anxiety and confusion around embolization create a strong need for reassurance and credible treatment guidance.,"Individuals were less concerned with their condition of the fibroids, but were concerned with the consequences of treatment options ... embolization ... confusing and overwhelming.",Czech Republic,Europe,Reluctant Surgery / Miscarriages,,Patient,Treatment Decision,Treatment Barrier,"[""czech-republic"", ""embolization"", ""miscarriage"", ""treatment-anxiety""]",0.91,0.87
Uterine Fibroids,Social Listening Report: Uterine Fibroids,report,2015-06-01,platform_preference,Czech emotion-heavy support happens mainly on women’s health forums,"Czech uterine fibroid conversations occur mainly on emotional peer-support forums such as Emimino.cz, Doktorka.cz, and Modrykonick.cz.",Trustworthy native-language medical information appears scarce compared with emotionally rich anecdotal threads.,"Czech uterine fibroid conversations appeared mostly on forum threads that discussed endometriosis ... Eminmino.cz, Diskuse.doktorka.cz, Modrykonick.cz, Iona.idnes.cz.",Czech Republic,Europe,,Forums,Patient,Treatment Research,Platform Preference,"[""czech-republic"", ""forums"", ""emotional-support"", ""endometriosis""]",0.89,0.8
Uterine Fibroids,Social Listening Report: Uterine Fibroids,report,2015-06-01,country_pattern,Finnish fibroid conversation is too sparse for strong personas and often shifts to fertility,"In Finland, fibroid-specific discussion largely evaporates when the topic is narrowed from general uterine health to fibroids, with fertility acting as the main surviving theme.",The report suggests English and Swedish sources may matter because Finnish women often turn to non-native-language resources.,"Conversations surrounding uterine fibroids in Finland ... are very limited ... If there were any mention of fibroids, it occurred in relation to fertility.",Finland,Europe,,,Patient,Awareness/Condition Exploration,Low-Volume Market Pattern,"[""finland"", ""fertility"", ""low-volume"", ""bilingual""]",0.86,0.73
Uterine Fibroids,Social Listening Report: Uterine Fibroids,report,2015-06-01,country_pattern,German patients are highly informed and discuss fibroids across more journey touchpoints,"Germany has the most numerous and detailed fibroid conversations, with patients speaking knowledgeably about prognosis and treatment rather than only symptoms.","German patients often initiate discussion at multiple points in the journey, especially around pregnancy implications and rational treatment choices.",German mentions of uterine fibroids were the most numerous of any country or language ... speak knowledgeably about their prognosis and treatments.,Germany,Europe,Caesarian Fear / Surgery Seeker,,Patient,Multiple Journey Stages,Market Maturity,"[""germany"", ""knowledgeable"", ""treatment"", ""pregnancy""]",0.94,0.91
Uterine Fibroids,Social Listening Report: Uterine Fibroids,report,2015-06-01,platform_preference,Germany has the strongest fibroid forum ecosystem in the dataset,"German discussion is concentrated across a mature mix of general Q&A, parenting, and women’s-health forums, including Gute Frage, Baby-Forum.de, Forum Mama Community, Eltern, and Go Feminin.","This ecosystem supports deep and detailed conversation, especially around pregnancy and treatment-related questions.","German mentions ... Forums led the conversation; Gute Frage, Baby-Forum.de, Forum Mama Community, Eltern Forums, Go Feminin Forum.",Germany,Europe,,Forums,Patient,Research/Treatment Decision,Platform Preference,"[""germany"", ""gute-frage"", ""baby-forum"", ""go-feminin"", ""forums""]",0.95,0.9
Uterine Fibroids,Social Listening Report: Uterine Fibroids,report,2015-06-01,information_need,Hungarian patients need native-language resources about reproductive symptoms and treatment,"Hungarian conversation is sparse, but the report explicitly recommends more Hungarian-language resources, especially around pregnancy, endometriosis, ovarian cancer, and hospital care.",Patients trust hospital treatment information shared in forums but remain skeptical of simple solutions and want practical care guidance.,Information resources are limited ... significant to provide Hungarian-language resources ... pregnancy and sharing of hospital care were anecdotally mentioned.,Hungary,Europe,Treatment seeker,,Patient,Treatment Research,Information Need,"[""hungary"", ""native-language"", ""hospital-care"", ""treatment""]",0.87,0.8
Uterine Fibroids,Social Listening Report: Uterine Fibroids,report,2015-06-01,country_pattern,"Italian conversations skew older and action-oriented, especially around procedures","Italian women often turn to forums later in the journey after a procedural update, with older demographics discussing menopause, surgery, and embolization.","Condition knowledge is relatively high, and women ask highly specific questions to support treatment decisions rather than seeking broad emotional support.",Italian women turn to online communities for information ... later in the patient journey ... older ... specific procedural actions ... skew to older demographics related to menopause.,Italy,Europe,Removed Fibroids / Embolization Treatments,,Patient,Treatment Decision/Post-procedural,Conversation Drivers,"[""italy"", ""menopause"", ""embolization"", ""procedure""]",0.92,0.88
Uterine Fibroids,Social Listening Report: Uterine Fibroids,report,2015-06-01,platform_preference,Italian fibroid discussion happens on women’s health forums rather than parenting forums,"Italian patients mainly discuss fibroids on women’s-health communities such as Al Femminile Forum, Vulvodinia Forum, Forum Cistite, and La Coppetta Mestruale Forum.",This distinguishes Italy from countries where fibroids mainly surface inside pregnancy-focused spaces.,"Top forums by volume included: Al Femminile Forum, Vulvodinia Forum, Forum Cistite, La Coppetta Mestruale Forum ... female reproductive health issues were the specializations.",Italy,Europe,,Women’s health forums,Patient,Condition Management,Platform Preference,"[""italy"", ""women-health-forums"", ""alfemminile"", ""vulvodinia""]",0.91,0.83
Uterine Fibroids,Social Listening Report: Uterine Fibroids,report,2015-06-01,country_pattern,Polish patients question each step of the journey and seek authoritative direction,"Polish women show skepticism throughout the patient journey, questioning symptoms, diagnoses, and treatments while wanting confident, authoritative answers.","Conversation is detailed but often emotionally oriented toward peer support rather than medical research, with infertility concerns leading.",Skepticism follows the Polish patient journey ... providing strong messaging that provides authoritative answers may stand out.,Poland,Europe,Infertility Concerns / Questioning Surgery,,Patient,Multiple Journey Stages,Trust and Guidance,"[""poland"", ""skepticism"", ""authoritative-guidance"", ""infertility""]",0.93,0.89
Uterine Fibroids,Social Listening Report: Uterine Fibroids,report,2015-06-01,platform_preference,Polish fibroid conversations occur on native-language women’s health forums,"Poland has diversified native-language discussion venues, including kafeteria.pl, Poradnikzdrowie.pl, Wizaz.pl, and Alinarose.","Although overall volume is modest, the detail of symptoms and experiences makes Poland a strong qualitative market.","Polish women health related topics on health forums ... f.kafeteria.pl, Alinarose, Poradnikzdrowie.pl, Wizaz.pl.",Poland,Europe,,Women’s health forums,Patient,Research/Peer Support,Platform Preference,"[""poland"", ""wizaz"", ""kafeteria"", ""poradnikzdrowie"", ""native-language""]",0.9,0.81
Uterine Fibroids,Social Listening Report: Uterine Fibroids,report,2015-06-01,country_pattern,Portuguese discussion centers more on symptoms and treatment than on pregnancy,"Unlike many other markets, Portuguese mentions that do surface are more likely to focus on symptoms and treatments such as embolization and hysteroscopy than on pregnancy complications.","However, low domestic volume and spillover into Brazil complicate interpretation and targeting.",Where uterine fibroids did receive mention was on specific to symptom sharing and treatment focus more often than pregnancy related concerns ... curious about treatments like embolization and hysteroscopy.,Portugal,Europe,,,Patient,Symptom/Treatment Research,Conversation Drivers,"[""portugal"", ""symptoms"", ""treatment"", ""embolization"", ""hysteroscopy""]",0.85,0.77
Uterine Fibroids,Social Listening Report: Uterine Fibroids,report,2015-06-01,country_pattern,Spanish conversations skew younger and are dominated by pregnancy and fertility concerns,"Spain shows a younger audience profile, with first-pregnancy complications and infertility concerns dominating fibroid conversation.","Fibroids are usually first encountered as part of a pregnancy or fertility question, and peer reassurance matters alongside information.",The population is young and worried about fertility ... centered around the baby and its health during pregnancy ... emotional support.,Spain,Europe,First Pregnancy / Infertility Concerns,,Patient,Pregnancy/Fertility,Conversation Drivers,"[""spain"", ""young"", ""pregnancy"", ""fertility"", ""peer-support""]",0.93,0.9
Uterine Fibroids,Social Listening Report: Uterine Fibroids,report,2015-06-01,platform_preference,Spain relies on Spanish-language affiliates of major women’s health and pregnancy forums,"Spanish discussion is concentrated on detailed forum communities such as EnFemenino, BabyCenter en Español, Crianza Natural, and Foros Vogue.",These franchised platforms provide rich patient-journey detail and appear suitable for targeting and deeper qualitative mining.,"Forum En Femenino, Comunidad BabyCenter En Espanol, Foros Vogue, Forum Crianza Natural ... detailed and revealing throughout each thread.",Spain,Europe,,Spanish-language pregnancy and women’s forums,Patient,Research/Peer Support,Platform Preference,"[""spain"", ""enfemenino"", ""babycenter"", ""crianza-natural"", ""forums""]",0.92,0.84
